date,revenue,profit,profit_margin
2021-01-01,42230,12474,29.54
2021-01-02,27764,-773,-2.78
2021-01-03,19454,-12329,-63.38
2021-01-04,44950,12202,27.15
2021-01-05,47315,18356,38.8
2021-01-06,44914,10434,23.23
2021-01-07,45270,13283,29.34
2021-01-08,35646,5830,16.36
2021-01-09,25302,-4367,-17.26
2021-01-10,25421,-7522,-29.59
2021-01-11,47832,15169,31.71
2021-01-12,35664,5628,15.78
2021-01-13,46021,15179,32.98
2021-01-14,36238,6233,17.2
2021-01-15,38390,6830,17.79
2021-01-16,20252,-10757,-53.12
2021-01-17,28762,-22517,-78.29
2021-01-18,40591,11539,28.43
2021-01-19,47261,15758,33.34
2021-01-20,45928,13742,29.92
2021-01-21,40630,12277,30.22
2021-01-22,46865,16578,35.37
2021-01-23,28290,-496,-1.75
2021-01-24,20432,-9587,-46.92
2021-01-25,35388,5771,16.31
2021-01-26,42398,13286,31.34
2021-01-27,41412,12615,30.46
2021-01-28,46486,16637,35.79
2021-01-29,34116,2789,8.18
2021-01-30,21027,-9991,-47.52
2021-01-31,25664,-5222,-20.35
2021-02-01,35978,4971,13.82
2021-02-02,46772,14955,31.97
2021-02-03,45376,11680,25.74
2021-02-04,35419,4682,13.22
2021-02-05,44545,10164,22.82
2021-02-06,26096,-8356,-32.02
2021-02-07,26380,-5137,-19.47
2021-02-08,47372,15274,32.24
2021-02-09,33918,1823,5.37
2021-02-10,41338,11702,28.31
2021-02-11,38332,7991,20.85
2021-02-12,39332,10521,26.75
2021-02-13,28159,-2519,-8.95
2021-02-14,25953,-52863,-203.69
2021-02-15,42614,13537,31.77
2021-02-16,36357,6725,18.5
2021-02-17,39816,10885,27.34
2021-02-18,32056,2056,6.41
2021-02-19,38842,4929,12.69
2021-02-20,27212,-1940,-7.13
2021-02-21,26842,-2831,-10.55
2021-02-22,44481,12221,27.47
2021-02-23,45833,11931,26.03
2021-02-24,37314,3521,9.44
2021-02-25,44597,10838,24.3
2021-02-26,39364,9581,24.34
2021-02-27,22351,-7757,-34.71
2021-02-28,28619,-457,-1.6
2021-03-01,59250,28163,47.53
2021-03-02,52124,20142,38.64
2021-03-03,40033,7151,17.86
2021-03-04,47284,16854,35.64
2021-03-05,54395,23473,43.15
2021-03-06,25527,-7090,-27.77
2021-03-07,27611,-2546,-9.22
2021-03-08,53094,23398,44.07
2021-03-09,55920,24323,43.5
2021-03-10,56368,26603,47.2
2021-03-11,44896,16088,35.83
2021-03-12,79032,49145,62.18
2021-03-13,33240,3782,11.38
2021-03-14,24602,-6623,-26.92
2021-03-15,59757,25792,43.16
2021-03-16,50095,16093,32.12
2021-03-17,45183,12009,26.58
2021-03-18,45491,15430,33.92
2021-03-19,42767,9967,23.31
2021-03-20,30511,-485,-1.59
2021-03-21,32346,-31452,-97.24
2021-03-22,47799,16059,33.6
2021-03-23,57956,26547,45.81
2021-03-24,55962,21819,38.99
2021-03-25,58138,29260,50.33
2021-03-26,43634,12420,28.46
2021-03-27,27339,-6270,-22.93
2021-03-28,24625,-4157,-16.88
2021-03-29,40620,8356,20.57
2021-03-30,42287,12323,29.14
2021-03-31,59274,29893,50.43
2021-04-01,58577,27863,47.57
2021-04-02,51841,19099,36.84
2021-04-03,33666,5058,15.02
2021-04-04,24827,-6169,-24.85
2021-04-05,47243,17930,37.95
2021-04-06,53009,19779,37.31
2021-04-07,51849,17611,33.97
2021-04-08,55009,24540,44.61
2021-04-09,49750,19639,39.48
2021-04-10,30669,799,2.61
2021-04-11,26883,-33573,-124.89
2021-04-12,53835,22504,41.8
2021-04-13,54918,24862,45.27
2021-04-14,43851,10700,24.4
2021-04-15,49683,18028,36.29
2021-04-16,43882,15443,35.19
2021-04-17,35691,6546,18.34
2021-04-18,34472,3348,9.71
2021-04-19,58821,27947,47.51
2021-04-20,41072,10808,26.31
2021-04-21,55288,25517,46.15
2021-04-22,48854,18581,38.03
2021-04-23,54801,25122,45.84
2021-04-24,26085,-5103,-19.56
2021-04-25,26777,-4433,-16.56
2021-04-26,55756,21524,38.6
2021-04-27,52952,24153,45.61
2021-04-28,54979,25846,47.01
2021-04-29,58853,29997,50.97
2021-04-30,46446,12036,25.91
2021-05-01,35409,5362,15.14
2021-05-02,29646,153,0.52
2021-05-03,49834,19385,38.9
2021-05-04,46596,12292,26.38
2021-05-05,49096,14634,29.81
2021-05-06,59762,28809,48.21
2021-05-07,55128,25496,46.25
2021-05-08,29257,-5223,-17.85
2021-05-09,25900,-3037,-11.73
2021-05-10,49228,17739,36.03
2021-05-11,45468,15583,34.27
2021-05-12,58437,24644,42.17
2021-05-13,48298,14779,30.6
2021-05-14,51738,22452,43.4
2021-05-15,30623,246,0.8
2021-05-16,30861,2237,7.25
2021-05-17,56228,22708,40.39
2021-05-18,40740,6911,16.96
2021-05-19,50519,19587,38.77
2021-05-20,49389,16675,33.76
2021-05-21,57046,26702,46.81
2021-05-22,34468,2142,6.21
2021-05-23,32961,619,1.88
2021-05-24,53880,20515,38.08
2021-05-25,42911,9569,22.3
2021-05-26,57416,23316,40.61
2021-05-27,45079,11660,25.87
2021-05-28,43159,11108,25.74
2021-05-29,27001,-3772,-13.97
2021-05-30,30863,654,2.12
2021-05-31,45489,12448,27.36
2021-06-01,54928,21546,39.23
2021-06-02,58005,25114,43.3
2021-06-03,57821,27525,47.6
2021-06-04,60111,27052,45.0
2021-06-05,33520,-584,-1.74
2021-06-06,37285,4232,11.35
2021-06-07,65183,31415,48.2
2021-06-08,65279,-13216,-20.25
2021-06-09,52108,21358,40.99
2021-06-10,58846,24555,41.73
2021-06-11,58248,25482,43.75
2021-06-12,26998,-2083,-7.72
2021-06-13,31530,-1207,-3.83
2021-06-14,59985,26383,43.98
2021-06-15,50154,19003,37.89
2021-06-16,65580,33168,50.58
2021-06-17,65300,36373,55.7
2021-06-18,65364,30785,47.1
2021-06-19,37353,3881,10.39
2021-06-20,36810,2261,6.14
2021-06-21,61567,32387,52.6
2021-06-22,56954,27806,48.82
2021-06-23,45398,13308,29.31
2021-06-24,57532,25031,43.51
2021-06-25,44685,13650,30.55
2021-06-26,32255,2971,9.21
2021-06-27,34126,2013,5.9
2021-06-28,53464,20990,39.26
2021-06-29,63040,32083,50.89
2021-06-30,60051,30096,50.12
2021-07-01,54433,23363,42.92
2021-07-02,46862,14974,31.95
2021-07-03,37931,3812,10.05
2021-07-04,30524,1200,3.93
2021-07-05,51702,21598,41.77
2021-07-06,56341,23739,42.13
2021-07-07,58472,28401,48.57
2021-07-08,51722,19231,37.18
2021-07-09,65379,34659,53.01
2021-07-10,30513,-1593,-5.22
2021-07-11,36358,5217,14.35
2021-07-12,53112,22588,42.53
2021-07-13,57048,27309,47.87
2021-07-14,48497,15333,31.62
2021-07-15,54942,23237,42.29
2021-07-16,58697,25673,43.74
2021-07-17,27427,-3470,-12.65
2021-07-18,31746,-2573,-8.1
2021-07-19,51960,20866,40.16
2021-07-20,63151,29893,47.34
2021-07-21,55673,25112,45.11
2021-07-22,47249,17806,37.69
2021-07-23,45657,14385,31.51
2021-07-24,35390,825,2.33
2021-07-25,30573,-1754,-5.74
2021-07-26,51742,23156,44.75
2021-07-27,58182,26090,44.84
2021-07-28,64993,30916,47.57
2021-07-29,57310,26122,45.58
2021-07-30,65612,37016,56.42
2021-07-31,33317,-816,-2.45
2021-08-01,35361,4903,13.87
2021-08-02,52504,18079,34.43
2021-08-03,45793,15489,33.82
2021-08-04,46836,14965,31.95
2021-08-05,46811,12179,26.02
2021-08-06,58750,28455,48.43
2021-08-07,36513,7187,19.68
2021-08-08,33101,1434,4.33
2021-08-09,57596,28107,48.8
2021-08-10,63858,33213,52.01
2021-08-11,57433,27609,48.07
2021-08-12,61256,28633,46.74
2021-08-13,60927,29940,49.14
2021-08-14,34381,3004,8.74
2021-08-15,35790,6912,19.31
2021-08-16,55293,21207,38.35
2021-08-17,64470,33765,52.37
2021-08-18,48939,16087,32.87
2021-08-19,44842,11257,25.1
2021-08-20,57537,27829,48.37
2021-08-21,34437,4590,13.33
2021-08-22,34834,1213,3.48
2021-08-23,57903,-5404,-9.33
2021-08-24,53164,18674,35.13
2021-08-25,55161,24352,44.15
2021-08-26,65582,32265,49.2
2021-08-27,57821,27377,47.35
2021-08-28,37138,5861,15.78
2021-08-29,37111,5878,15.84
2021-08-30,48388,16792,34.7
2021-08-31,49572,18974,38.28
2021-09-01,46638,12685,27.2
2021-09-02,47732,16248,34.04
2021-09-03,56022,23877,42.62
2021-09-04,27854,-2426,-8.71
2021-09-05,32277,-1554,-4.81
2021-09-06,45491,16669,36.64
2021-09-07,56021,26772,47.79
2021-09-08,40695,10038,24.67
2021-09-09,52101,21408,41.09
2021-09-10,50589,20667,40.85
2021-09-11,29988,-11,-0.04
2021-09-12,35956,4512,12.55
2021-09-13,49040,20137,41.06
2021-09-14,46391,14626,31.53
2021-09-15,54236,20886,38.51
2021-09-16,44019,15504,35.22
2021-09-17,56073,27180,48.47
2021-09-18,32626,-911,-2.79
2021-09-19,31708,1188,3.75
2021-09-20,52795,21720,41.14
2021-09-21,42483,12101,28.48
2021-09-22,58818,28890,49.12
2021-09-23,42503,10987,25.85
2021-09-24,43083,10921,25.35
2021-09-25,33902,1511,4.46
2021-09-26,33203,1716,5.17
2021-09-27,59133,26468,44.76
2021-09-28,41198,11563,28.07
2021-09-29,54367,19873,36.55
2021-09-30,51233,21198,41.38
2021-10-01,45804,15890,34.69
2021-10-02,27929,-5228,-18.72
2021-10-03,29985,-4319,-14.4
2021-10-04,44302,12835,28.97
2021-10-05,49411,18347,37.13
2021-10-06,55277,23335,42.21
2021-10-07,41470,11358,27.39
2021-10-08,42376,9019,21.28
2021-10-09,33059,1559,4.72
2021-10-10,27996,-4173,-14.91
2021-10-11,52261,19254,36.84
2021-10-12,56565,26327,46.54
2021-10-13,53476,20107,37.6
2021-10-14,40532,7250,17.89
2021-10-15,54428,22116,40.63
2021-10-16,25773,-8550,-33.17
2021-10-17,27764,-3171,-11.42
2021-10-18,57456,28237,49.15
2021-10-19,53244,23803,44.71
2021-10-20,47085,14683,31.18
2021-10-21,43845,14079,32.11
2021-10-22,45780,15433,33.71
2021-10-23,33544,932,2.78
2021-10-24,33820,3641,10.77
2021-10-25,46927,15559,33.16
2021-10-26,58660,26432,45.06
2021-10-27,53396,24716,46.29
2021-10-28,42010,10193,24.26
2021-10-29,58700,29094,49.56
2021-10-30,31750,-217,-0.68
2021-10-31,35240,1332,3.78
2021-11-01,77926,43676,56.05
2021-11-02,74795,45770,61.19
2021-11-03,77716,43454,55.91
2021-11-04,57013,25772,45.2
2021-11-05,71152,38032,53.45
2021-11-06,45193,16297,36.06
2021-11-07,33393,3401,10.18
2021-11-08,76804,48382,62.99
2021-11-09,53615,22711,42.36
2021-11-10,70292,36171,51.46
2021-11-11,57697,24637,42.7
2021-11-12,66280,33747,50.92
2021-11-13,42973,11809,27.48
2021-11-14,40001,8467,21.17
2021-11-15,60531,30887,51.03
2021-11-16,65269,33686,51.61
2021-11-17,64021,33177,51.82
2021-11-18,67036,38285,57.11
2021-11-19,53794,22869,42.51
2021-11-20,46461,11857,25.52
2021-11-21,45345,12826,28.29
2021-11-22,61042,29361,48.1
2021-11-23,52090,19497,37.43
2021-11-24,73407,43321,59.01
2021-11-25,54933,21757,39.61
2021-11-26,57358,25242,44.01
2021-11-27,42752,13034,30.49
2021-11-28,39060,6102,15.62
2021-11-29,69485,40233,57.9
2021-11-30,59813,25921,43.34
2021-12-01,63107,28826,45.68
2021-12-02,60287,29566,49.04
2021-12-03,74082,40656,54.88
2021-12-04,46297,16417,35.46
2021-12-05,45586,12672,27.8
2021-12-06,69515,39980,57.51
2021-12-07,66530,36083,54.24
2021-12-08,76366,41719,54.63
2021-12-09,67714,35886,53.0
2021-12-10,65874,34294,52.06
2021-12-11,46508,12398,26.66
2021-12-12,39975,9983,24.97
2021-12-13,62857,32115,51.09
2021-12-14,69019,35493,51.42
2021-12-15,64755,35339,54.57
2021-12-16,75839,47119,62.13
2021-12-17,76574,45626,59.58
2021-12-18,42231,11530,27.3
2021-12-19,40817,12426,30.44
2021-12-20,65764,37307,56.73
2021-12-21,72960,44004,60.31
2021-12-22,65687,34837,53.03
2021-12-23,66690,34031,51.03
2021-12-24,74313,43574,58.64
2021-12-25,31347,264,0.84
2021-12-26,44584,15966,35.81
2021-12-27,75076,46258,61.61
2021-12-28,66651,36320,54.49
2021-12-29,71558,42724,59.71
2021-12-30,73700,43261,58.7
2021-12-31,77700,43212,55.61
2022-01-01,31338,-8182,-26.11
2022-01-02,22407,-13749,-61.36
2022-01-03,44746,11523,25.75
2022-01-04,49921,12163,24.36
2022-01-05,42626,7791,18.28
2022-01-06,39238,2617,6.67
2022-01-07,43312,8360,19.3
2022-01-08,26361,-12799,-48.55
2022-01-09,23952,-10832,-45.22
2022-01-10,44798,11639,25.98
2022-01-11,48300,14923,30.9
2022-01-12,42912,7922,18.46
2022-01-13,52614,17689,33.62
2022-01-14,42580,7866,18.47
2022-01-15,28437,-10081,-35.45
2022-01-16,28304,-9237,-32.63
2022-01-17,45293,10580,23.36
2022-01-18,51440,14249,27.7
2022-01-19,49960,10180,20.38
2022-01-20,46121,9580,20.77
2022-01-21,53277,20059,37.65
2022-01-22,25999,-13729,-52.81
2022-01-23,30389,-2289,-7.53
2022-01-24,46345,10513,22.68
2022-01-25,47630,14850,31.18
2022-01-26,54495,20867,38.29
2022-01-27,40606,4829,11.89
2022-01-28,42324,3570,8.43
2022-01-29,23894,-9972,-41.73
2022-01-30,32661,-1277,-3.91
2022-01-31,37337,444,1.19
2022-02-01,40586,7531,18.56
2022-02-02,40240,5737,14.26
2022-02-03,48559,11704,24.1
2022-02-04,48159,13402,27.83
2022-02-05,23558,-10370,-44.02
2022-02-06,26697,-7251,-27.16
2022-02-07,48672,12523,25.73
2022-02-08,45098,12427,27.56
2022-02-09,54534,16971,31.12
2022-02-10,45792,7676,16.76
2022-02-11,46691,8709,18.65
2022-02-12,23329,-15238,-65.32
2022-02-13,22539,-17234,-76.46
2022-02-14,50624,14764,29.16
2022-02-15,44878,10559,23.53
2022-02-16,43251,9446,21.84
2022-02-17,40607,5969,14.7
2022-02-18,49754,10936,21.98
2022-02-19,23131,-16127,-69.72
2022-02-20,23480,-14276,-60.8
2022-02-21,49242,14693,29.84
2022-02-22,48458,12120,25.01
2022-02-23,43590,10970,25.17
2022-02-24,50249,15052,29.95
2022-02-25,40808,6260,15.34
2022-02-26,28460,-6632,-23.3
2022-02-27,23179,-10323,-44.54
2022-02-28,36812,-779,-2.12
2022-03-01,49656,12312,24.79
2022-03-02,66787,31972,47.87
2022-03-03,61076,25020,40.97
2022-03-04,61639,23117,37.5
2022-03-05,29424,-8472,-28.79
2022-03-06,39757,1698,4.27
2022-03-07,49285,11974,24.3
2022-03-08,60445,22869,37.83
2022-03-09,48310,12926,26.76
2022-03-10,49216,12605,25.61
2022-03-11,63916,26544,41.53
2022-03-12,34631,1634,4.72
2022-03-13,34429,-2476,-7.19
2022-03-14,68698,29859,43.46
2022-03-15,61707,9099,14.75
2022-03-16,50962,15477,30.37
2022-03-17,63643,26400,41.48
2022-03-18,47922,8261,17.24
2022-03-19,35692,-1570,-4.4
2022-03-20,40757,1456,3.57
2022-03-21,47265,-5602,-11.85
2022-03-22,49768,11493,23.09
2022-03-23,48919,9895,20.23
2022-03-24,64563,26800,41.51
2022-03-25,56469,19760,34.99
2022-03-26,29020,-5237,-18.05
2022-03-27,39508,4131,10.46
2022-03-28,65722,27754,42.23
2022-03-29,55573,22407,40.32
2022-03-30,66744,27032,40.5
2022-03-31,77138,42165,54.66
2022-04-01,58967,23004,39.01
2022-04-02,58465,20353,34.81
2022-04-03,53181,14224,26.75
2022-04-04,65527,29086,44.39
2022-04-05,47377,14101,29.76
2022-04-06,57954,18291,31.56
2022-04-07,49070,12354,25.18
2022-04-08,51445,13041,25.35
2022-04-09,31989,-2082,-6.51
2022-04-10,29744,-5803,-19.51
2022-04-11,50775,17304,34.08
2022-04-12,65006,26348,40.53
2022-04-13,51709,14201,27.46
2022-04-14,46714,8692,18.61
2022-04-15,64489,25871,40.12
2022-04-16,38966,1693,4.34
2022-04-17,38815,-326,-0.84
2022-04-18,66816,33905,50.74
2022-04-19,59199,26383,44.57
2022-04-20,50938,11936,23.43
2022-04-21,51653,15061,29.16
2022-04-22,49156,12744,25.93
2022-04-23,38568,3364,8.72
2022-04-24,40194,6289,15.65
2022-04-25,66602,26816,40.26
2022-04-26,68990,31629,45.85
2022-04-27,67096,32904,49.04
2022-04-28,54160,20282,37.45
2022-04-29,62045,24367,39.27
2022-04-30,35370,-3619,-10.23
2022-05-01,66478,32291,48.57
2022-05-02,50633,11374,22.46
2022-05-03,46503,8291,17.83
2022-05-04,68092,32624,47.91
2022-05-05,49138,10799,21.98
2022-05-06,50006,10675,21.35
2022-05-07,35727,-1863,-5.21
2022-05-08,40693,887,2.18
2022-05-09,59854,25652,42.86
2022-05-10,49234,9515,19.33
2022-05-11,48040,9014,18.76
2022-05-12,51739,-16938,-32.74
2022-05-13,55652,16662,29.94
2022-05-14,39037,942,2.41
2022-05-15,38628,4134,10.7
2022-05-16,66422,26996,40.64
2022-05-17,68661,32934,47.97
2022-05-18,55986,16324,29.16
2022-05-19,67288,32531,48.35
2022-05-20,58642,26012,44.36
2022-05-21,36226,2125,5.87
2022-05-22,34135,-1879,-5.5
2022-05-23,60762,25396,41.8
2022-05-24,56114,19424,34.62
2022-05-25,48224,12623,26.18
2022-05-26,47402,7804,16.46
2022-05-27,59172,23710,40.07
2022-05-28,35482,-4240,-11.95
2022-05-29,33796,-341,-1.01
2022-05-30,47802,9241,19.33
2022-05-31,53354,20121,37.71
2022-06-01,72272,39580,54.77
2022-06-02,70376,33669,47.84
2022-06-03,53135,14840,27.93
2022-06-04,43686,6940,15.89
2022-06-05,36477,965,2.65
2022-06-06,68069,33521,49.25
2022-06-07,70679,31859,45.08
2022-06-08,56367,18157,32.21
2022-06-09,65905,26685,40.49
2022-06-10,63667,25331,39.79
2022-06-11,36483,-239,-0.66
2022-06-12,33407,439,1.31
2022-06-13,59919,20629,34.43
2022-06-14,62966,26926,42.76
2022-06-15,71792,38535,53.68
2022-06-16,72201,37995,52.62
2022-06-17,67085,27476,40.96
2022-06-18,32368,-1855,-5.73
2022-06-19,41179,2089,5.07
2022-06-20,112214,75094,66.92
2022-06-21,75052,38148,50.83
2022-06-22,62787,27829,44.32
2022-06-23,74690,38340,51.33
2022-06-24,72290,37373,51.7
2022-06-25,37910,2377,6.27
2022-06-26,45460,7690,16.92
2022-06-27,62636,27859,44.48
2022-06-28,64723,26753,41.33
2022-06-29,73689,36346,49.32
2022-06-30,72647,37352,51.42
2022-07-01,53579,16773,31.31
2022-07-02,33313,-3128,-9.39
2022-07-03,32648,-7106,-21.77
2022-07-04,54223,21036,38.8
2022-07-05,58529,24410,41.71
2022-07-06,54608,21068,38.58
2022-07-07,61454,24985,40.66
2022-07-08,73167,14129,19.31
2022-07-09,43672,7423,17.0
2022-07-10,31054,-5317,-17.12
2022-07-11,67975,31822,46.81
2022-07-12,73544,39317,53.46
2022-07-13,51154,13400,26.2
2022-07-14,66800,29895,44.75
2022-07-15,71753,35932,50.08
2022-07-16,41014,8345,20.35
2022-07-17,38258,2622,6.85
2022-07-18,66227,30019,45.33
2022-07-19,71636,36065,50.34
2022-07-20,73632,23499,31.91
2022-07-21,71731,38476,53.64
2022-07-22,53162,13397,25.2
2022-07-23,31875,-2832,-8.88
2022-07-24,41571,8637,20.78
2022-07-25,54913,17806,32.43
2022-07-26,71218,31644,44.43
2022-07-27,72121,33745,46.79
2022-07-28,52083,16467,31.62
2022-07-29,67763,32563,48.05
2022-07-30,43088,3818,8.86
2022-07-31,31057,-6650,-21.41
2022-08-01,65189,27734,42.54
2022-08-02,68324,33921,49.65
2022-08-03,60337,20578,34.11
2022-08-04,54570,15669,28.71
2022-08-05,56694,22478,39.65
2022-08-06,33927,-1921,-5.66
2022-08-07,32161,-1185,-3.68
2022-08-08,50604,13517,26.71
2022-08-09,55833,20599,36.89
2022-08-10,62097,26067,41.98
2022-08-11,53484,18409,34.42
2022-08-12,57987,25053,43.2
2022-08-13,41241,4213,10.22
2022-08-14,36324,-1471,-4.05
2022-08-15,74043,35847,48.41
2022-08-16,74791,38347,51.27
2022-08-17,71822,32546,45.31
2022-08-18,69081,32128,46.51
2022-08-19,60331,22206,36.81
2022-08-20,45092,9500,21.07
2022-08-21,34897,-2863,-8.2
2022-08-22,55682,20578,36.96
2022-08-23,67047,29415,43.87
2022-08-24,59511,22075,37.09
2022-08-25,71887,33429,46.5
2022-08-26,54276,16239,29.92
2022-08-27,34163,-577,-1.69
2022-08-28,42716,4756,11.13
2022-08-29,64800,26411,40.76
2022-08-30,74040,34368,46.42
2022-08-31,50928,12668,24.87
2022-09-01,66964,28891,43.14
2022-09-02,63851,29964,46.93
2022-09-03,29998,-5709,-19.03
2022-09-04,35659,-2085,-5.85
2022-09-05,53420,16358,30.62
2022-09-06,59171,24266,41.01
2022-09-07,47568,11075,23.28
2022-09-08,50907,16722,32.85
2022-09-09,68922,36256,52.6
2022-09-10,40082,533,1.33
2022-09-11,40239,3723,9.25
2022-09-12,64908,29078,44.8
2022-09-13,50427,16612,32.94
2022-09-14,46168,7961,17.24
2022-09-15,48390,8715,18.01
2022-09-16,67614,31685,46.86
2022-09-17,28348,-8420,-29.7
2022-09-18,32954,230,0.7
2022-09-19,60752,23907,39.35
2022-09-20,67345,32560,48.35
2022-09-21,56066,20030,35.73
2022-09-22,54992,15434,28.07
2022-09-23,67025,31720,47.33
2022-09-24,35259,-1666,-4.73
2022-09-25,31804,-3289,-10.34
2022-09-26,57788,19138,33.12
2022-09-27,64392,25035,38.88
2022-09-28,58642,25329,43.19
2022-09-29,53609,20282,37.83
2022-09-30,53309,18492,34.69
2022-10-01,32630,-7,-0.02
2022-10-02,37809,4234,11.2
2022-10-03,56645,20046,35.39
2022-10-04,65361,28857,44.15
2022-10-05,47758,11481,24.04
2022-10-06,55318,18720,33.84
2022-10-07,56858,22638,39.81
2022-10-08,31615,-3862,-12.22
2022-10-09,39302,5498,13.99
2022-10-10,50120,10507,20.96
2022-10-11,54252,21195,39.07
2022-10-12,50755,14750,29.06
2022-10-13,68553,32174,46.93
2022-10-14,52056,14718,28.27
2022-10-15,39129,-46,-0.12
2022-10-16,39574,2594,6.55
2022-10-17,49808,15674,31.47
2022-10-18,62497,24018,38.43
2022-10-19,57012,18372,32.22
2022-10-20,59190,26304,44.44
2022-10-21,51939,14995,28.87
2022-10-22,37529,4306,11.47
2022-10-23,39568,2613,6.6
2022-10-24,50183,12334,24.58
2022-10-25,59583,26194,43.96
2022-10-26,57600,24300,42.19
2022-10-27,46897,13444,28.67
2022-10-28,59879,21663,36.18
2022-10-29,32711,-1554,-4.75
2022-10-30,32861,-5258,-16.0
2022-10-31,49079,10253,20.89
2022-11-01,72018,33697,46.79
2022-11-02,60015,25124,41.86
2022-11-03,79282,43611,55.01
2022-11-04,80150,41869,52.24
2022-11-05,45835,10738,23.43
2022-11-06,51218,15380,30.03
2022-11-07,66212,29621,44.74
2022-11-08,64606,31344,48.52
2022-11-09,72817,39635,54.43
2022-11-10,89234,51476,57.69
2022-11-11,84324,50261,59.6
2022-11-12,41010,4671,11.39
2022-11-13,36526,2783,7.62
2022-11-14,70358,34005,48.33
2022-11-15,62495,23264,37.23
2022-11-16,68067,28729,42.21
2022-11-17,71973,37239,51.74
2022-11-18,88405,51638,58.41
2022-11-19,45983,6417,13.96
2022-11-20,46407,13316,28.69
2022-11-21,149332,109808,73.53
2022-11-22,67222,28671,42.65
2022-11-23,74049,39498,53.34
2022-11-24,87006,49076,56.41
2022-11-25,65862,32130,48.78
2022-11-26,48004,9865,20.55
2022-11-27,44532,4791,10.76
2022-11-28,74475,39842,53.5
2022-11-29,61419,24899,40.54
2022-11-30,80321,42660,53.11
2022-12-01,60153,25193,41.88
2022-12-02,76202,39158,51.39
2022-12-03,39656,864,2.18
2022-12-04,38232,4906,12.83
2022-12-05,72723,33172,45.61
2022-12-06,65080,26324,40.45
2022-12-07,83281,46565,55.91
2022-12-08,61595,24430,39.66
2022-12-09,70592,18178,25.75
2022-12-10,48071,10761,22.39
2022-12-11,40985,2770,6.76
2022-12-12,78148,39255,50.23
2022-12-13,72412,33238,45.9
2022-12-14,69173,32185,46.53
2022-12-15,83151,46775,56.25
2022-12-16,85340,50915,59.66
2022-12-17,39657,268,0.68
2022-12-18,49710,16355,32.9
2022-12-19,87654,49708,56.71
2022-12-20,75549,40362,53.42
2022-12-21,73769,37193,50.42
2022-12-22,75924,37896,49.91
2022-12-23,78929,42837,54.27
2022-12-24,41403,8725,21.07
2022-12-25,38325,740,1.93
2022-12-26,68758,31831,46.29
2022-12-27,65438,31026,47.41
2022-12-28,84569,47437,56.09
2022-12-29,78135,40835,52.26
2022-12-30,65421,32019,48.94
2022-12-31,48446,14742,30.43
2023-01-01,37094,-19262,-51.93
2023-01-02,51866,8464,16.32
2023-01-03,58061,13413,23.1
2023-01-04,43084,-663,-1.54
2023-01-05,44136,965,2.19
2023-01-06,42297,1174,2.78
2023-01-07,33464,-8543,-25.53
2023-01-08,31461,-7021,-22.32
2023-01-09,46129,6617,14.34
2023-01-10,44088,6890,15.63
2023-01-11,54001,15855,29.36
2023-01-12,60961,23617,38.74
2023-01-13,58062,13168,22.68
2023-01-14,35012,-7487,-21.38
2023-01-15,36175,-3093,-8.55
2023-01-16,45481,6372,14.01
2023-01-17,53134,13858,26.08
2023-01-18,41614,-30620,-73.58
2023-01-19,46566,5297,11.38
2023-01-20,51949,12452,23.97
2023-01-21,31489,-6428,-20.41
2023-01-22,31017,-12687,-40.9
2023-01-23,56187,14370,25.58
2023-01-24,45941,8432,18.35
2023-01-25,53206,13329,25.05
2023-01-26,47128,7785,16.52
2023-01-27,43620,5214,11.95
2023-01-28,32764,-7491,-22.86
2023-01-29,29427,-14658,-49.81
2023-01-30,49952,4920,9.85
2023-01-31,48155,8256,17.14
2023-02-01,56698,18091,31.91
2023-02-02,46885,6778,14.46
2023-02-03,53991,14664,27.16
2023-02-04,35639,-6864,-19.26
2023-02-05,31902,-5262,-16.49
2023-02-06,49235,5738,11.65
2023-02-07,60691,17343,28.58
2023-02-08,55943,14214,25.41
2023-02-09,53586,10418,19.44
2023-02-10,50263,11552,22.98
2023-02-11,25102,-14249,-56.76
2023-02-12,26826,-10442,-38.92
2023-02-13,50868,12195,23.97
2023-02-14,44349,7091,15.99
2023-02-15,52037,14078,27.05
2023-02-16,55166,12286,22.27
2023-02-17,57756,20168,34.92
2023-02-18,29306,-7747,-26.43
2023-02-19,32650,-5399,-16.54
2023-02-20,45753,1914,4.18
2023-02-21,61337,474,0.77
2023-02-22,51400,12810,24.92
2023-02-23,53015,10468,19.75
2023-02-24,60445,23098,38.21
2023-02-25,28345,-9055,-31.95
2023-02-26,36352,-2898,-7.97
2023-02-27,61979,17722,28.59
2023-02-28,43430,1983,4.57
2023-03-01,75979,-34,-0.04
2023-03-02,59860,20746,34.66
2023-03-03,62066,17479,28.16
2023-03-04,36531,-6301,-17.25
2023-03-05,44814,3267,7.29
2023-03-06,67739,25541,37.71
2023-03-07,57260,13046,22.78
2023-03-08,75634,34153,45.16
2023-03-09,65857,22127,33.6
2023-03-10,60285,20946,34.74
2023-03-11,41134,2740,6.66
2023-03-12,46580,4710,10.11
2023-03-13,52678,14725,27.95
2023-03-14,68888,28153,40.87
2023-03-15,62623,17986,28.72
2023-03-16,57273,12600,22.0
2023-03-17,69884,29528,42.25
2023-03-18,44059,-487,-1.11
2023-03-19,41205,3455,8.38
2023-03-20,74822,29910,39.97
2023-03-21,71894,31440,43.73
2023-03-22,59433,15052,25.33
2023-03-23,64053,23098,36.06
2023-03-24,75252,35748,47.5
2023-03-25,45187,7594,16.81
2023-03-26,42298,4697,11.1
2023-03-27,54217,9376,17.29
2023-03-28,66308,26708,40.28
2023-03-29,56215,18940,33.69
2023-03-30,139521,95307,68.31
2023-03-31,52317,8849,16.91
2023-04-01,65906,25433,38.59
2023-04-02,35538,-3017,-8.49
2023-04-03,61074,19485,31.9
2023-04-04,54280,16104,29.67
2023-04-05,70196,25428,36.22
2023-04-06,52931,8726,16.49
2023-04-07,73926,36072,48.79
2023-04-08,37654,323,0.86
2023-04-09,39451,-2357,-5.97
2023-04-10,63103,21538,34.13
2023-04-11,67971,27040,39.78
2023-04-12,58050,20227,34.84
2023-04-13,71174,30924,43.45
2023-04-14,72957,30451,41.74
2023-04-15,35884,-1903,-5.3
2023-04-16,40075,1632,4.07
2023-04-17,64456,26490,41.1
2023-04-18,74495,30972,41.58
2023-04-19,65547,-23694,-36.15
2023-04-20,72787,27991,38.46
2023-04-21,77574,36043,46.46
2023-04-22,44687,5257,11.76
2023-04-23,38954,-5687,-14.6
2023-04-24,54918,10583,19.27
2023-04-25,64549,20130,31.19
2023-04-26,72163,28575,39.6
2023-04-27,107898,65198,60.43
2023-04-28,69863,29185,41.77
2023-04-29,41480,2069,4.99
2023-04-30,34203,-6264,-18.31
2023-05-01,59114,18049,30.53
2023-05-02,60280,21106,35.01
2023-05-03,67944,30024,44.19
2023-05-04,54754,16434,30.01
2023-05-05,73740,34327,46.55
2023-05-06,41665,-1379,-3.31
2023-05-07,43880,3294,7.51
2023-05-08,64100,20193,31.5
2023-05-09,62193,18878,30.35
2023-05-10,52786,12154,23.03
2023-05-11,67715,24165,35.69
2023-05-12,68885,28748,41.73
2023-05-13,39748,103,0.26
2023-05-14,43435,2121,4.88
2023-05-15,54025,13185,24.41
2023-05-16,66432,21749,32.74
2023-05-17,73165,32262,44.09
2023-05-18,73242,11563,15.79
2023-05-19,63777,23260,36.47
2023-05-20,35875,-8502,-23.7
2023-05-21,45475,3612,7.94
2023-05-22,74165,-17319,-23.35
2023-05-23,61340,22559,36.78
2023-05-24,60271,18952,31.44
2023-05-25,56893,13159,23.13
2023-05-26,69421,32438,46.73
2023-05-27,38013,-4101,-10.79
2023-05-28,43507,5180,11.91
2023-05-29,63701,21895,34.37
2023-05-30,58155,16827,28.93
2023-05-31,66771,25973,38.9
2023-06-01,78114,34881,44.65
2023-06-02,82651,39722,48.06
2023-06-03,45194,7907,17.5
2023-06-04,42365,-499,-1.18
2023-06-05,80029,35616,44.5
2023-06-06,73321,35082,47.85
2023-06-07,80334,42804,53.28
2023-06-08,65146,3956,6.07
2023-06-09,83229,43346,52.08
2023-06-10,38373,1247,3.25
2023-06-11,44539,1519,3.41
2023-06-12,76095,34509,45.35
2023-06-13,64761,24106,37.22
2023-06-14,84320,41868,49.65
2023-06-15,72370,28986,40.05
2023-06-16,72365,31159,43.06
2023-06-17,44795,5727,12.78
2023-06-18,44344,5509,12.42
2023-06-19,72070,22095,30.66
2023-06-20,57542,17035,29.6
2023-06-21,62722,18181,28.99
2023-06-22,84383,46546,55.16
2023-06-23,75972,31196,41.06
2023-06-24,38667,-3419,-8.84
2023-06-25,41647,2144,5.15
2023-06-26,79425,42079,52.98
2023-06-27,69800,27947,40.04
2023-06-28,61314,19191,31.3
2023-06-29,60154,21247,35.32
2023-06-30,61457,19159,31.17
2023-07-01,49843,5291,10.62
2023-07-02,48803,-34067,-69.81
2023-07-03,72509,33174,45.75
2023-07-04,75706,36066,47.64
2023-07-05,65492,20714,31.63
2023-07-06,68356,27517,40.26
2023-07-07,62618,17603,28.11
2023-07-08,47923,3166,6.61
2023-07-09,34601,-8159,-23.58
2023-07-10,75900,31919,42.05
2023-07-11,63863,10003,15.66
2023-07-12,75755,31491,41.57
2023-07-13,74681,31131,41.69
2023-07-14,74806,35189,47.04
2023-07-15,41218,-107,-0.26
2023-07-16,37979,607,1.6
2023-07-17,62006,23156,37.34
2023-07-18,79824,41677,52.21
2023-07-19,57406,15689,27.33
2023-07-20,79858,41832,52.38
2023-07-21,64042,22304,34.83
2023-07-22,35830,-4454,-12.43
2023-07-23,51250,7330,14.3
2023-07-24,70476,33187,47.09
2023-07-25,81332,43169,53.08
2023-07-26,67615,25709,38.02
2023-07-27,60186,22037,36.61
2023-07-28,59226,17623,29.76
2023-07-29,49736,11016,22.15
2023-07-30,37751,-3895,-10.32
2023-07-31,63382,23469,37.03
2023-08-01,67455,30338,44.98
2023-08-02,60377,17295,28.65
2023-08-03,61684,17413,28.23
2023-08-04,63769,19853,31.13
2023-08-05,42261,-1740,-4.12
2023-08-06,38136,-6202,-16.26
2023-08-07,58464,17480,29.9
2023-08-08,80357,39446,49.09
2023-08-09,77024,37234,48.34
2023-08-10,57655,17039,29.55
2023-08-11,85125,42512,49.94
2023-08-12,45076,3084,6.84
2023-08-13,43430,858,1.98
2023-08-14,63124,23520,37.26
2023-08-15,83226,43235,51.95
2023-08-16,67679,26232,38.76
2023-08-17,66778,23884,35.77
2023-08-18,77301,37822,48.93
2023-08-19,41577,1017,2.45
2023-08-20,42388,-1833,-4.32
2023-08-21,76456,32369,42.34
2023-08-22,59697,14994,25.12
2023-08-23,60403,21876,36.22
2023-08-24,69112,28376,41.06
2023-08-25,57814,14391,24.89
2023-08-26,40083,-3216,-8.02
2023-08-27,43417,1917,4.42
2023-08-28,79773,40559,50.84
2023-08-29,65333,27162,41.57
2023-08-30,62215,18854,30.3
2023-08-31,85621,45739,53.42
2023-09-01,69304,28777,41.52
2023-09-02,33095,-10054,-30.38
2023-09-03,33634,-7376,-21.93
2023-09-04,75295,30299,40.24
2023-09-05,70942,33168,46.75
2023-09-06,69628,27716,39.81
2023-09-07,60485,19319,31.94
2023-09-08,57088,14688,25.73
2023-09-09,37353,-3691,-9.88
2023-09-10,37401,-35220,-94.17
2023-09-11,77415,34599,44.69
2023-09-12,72895,28093,38.54
2023-09-13,55628,17072,30.69
2023-09-14,77652,34605,44.56
2023-09-15,75774,33103,43.69
2023-09-16,34101,-3099,-9.09
2023-09-17,35941,-28347,-78.87
2023-09-18,68654,26346,38.38
2023-09-19,75576,32458,42.95
2023-09-20,67571,27145,40.17
2023-09-21,77330,7464,9.65
2023-09-22,53521,15557,29.07
2023-09-23,37744,-1484,-3.93
2023-09-24,39216,1587,4.05
2023-09-25,74683,35363,47.35
2023-09-26,54491,17531,32.17
2023-09-27,64607,26914,41.66
2023-09-28,56898,13234,23.26
2023-09-29,66328,25702,38.75
2023-09-30,45605,5781,12.68
2023-10-01,40523,-2146,-5.3
2023-10-02,57781,19071,33.01
2023-10-03,54043,16552,30.63
2023-10-04,53105,12045,22.68
2023-10-05,58578,15544,26.54
2023-10-06,57340,17606,30.7
2023-10-07,45892,7723,16.83
2023-10-08,34972,-30838,-88.18
2023-10-09,77070,40180,52.13
2023-10-10,75932,33360,43.93
2023-10-11,54790,14462,26.4
2023-10-12,71796,30685,42.74
2023-10-13,59495,18597,31.26
2023-10-14,42684,3980,9.32
2023-10-15,37876,-5550,-14.65
2023-10-16,52332,12231,23.37
2023-10-17,55099,10238,18.58
2023-10-18,56386,17891,31.73
2023-10-19,58054,14936,25.73
2023-10-20,71663,31892,44.5
2023-10-21,46605,6027,12.93
2023-10-22,34800,-8097,-23.27
2023-10-23,52695,13163,24.98
2023-10-24,71764,30878,43.03
2023-10-25,64945,21461,33.04
2023-10-26,71863,34033,47.36
2023-10-27,63506,21251,33.46
2023-10-28,33760,-6281,-18.6
2023-10-29,38852,-1850,-4.76
2023-10-30,53449,13500,25.26
2023-10-31,59395,21491,36.18
2023-11-01,87338,47367,54.23
2023-11-02,81523,42747,52.44
2023-11-03,90854,52609,57.9
2023-11-04,53899,13595,25.22
2023-11-05,41010,1515,3.69
2023-11-06,90951,47451,52.17
2023-11-07,77723,35664,45.89
2023-11-08,96341,57051,59.22
2023-11-09,88710,47120,53.12
2023-11-10,86745,47046,54.23
2023-11-11,50794,11373,22.39
2023-11-12,51011,6942,13.61
2023-11-13,73905,30303,41.0
2023-11-14,89161,44880,50.34
2023-11-15,69624,30801,44.24
2023-11-16,96131,51814,53.9
2023-11-17,76622,34142,44.56
2023-11-18,43601,4203,9.64
2023-11-19,49118,10030,20.42
2023-11-20,76988,39788,51.68
2023-11-21,69470,30175,43.44
2023-11-22,97910,57805,59.04
2023-11-23,75578,37735,49.93
2023-11-24,93798,56204,59.92
2023-11-25,46915,3461,7.38
2023-11-26,44981,5878,13.07
2023-11-27,69490,31710,45.63
2023-11-28,75926,37885,49.9
2023-11-29,78016,40876,52.39
2023-11-30,69447,30521,43.95
2023-12-01,91280,50045,54.83
2023-12-02,40719,-3653,-8.97
2023-12-03,55905,17738,31.73
2023-12-04,95053,55954,58.87
2023-12-05,84219,44640,53.0
2023-12-06,70993,33595,47.32
2023-12-07,86113,43018,49.96
2023-12-08,82587,44094,53.39
2023-12-09,42807,-334,-0.78
2023-12-10,52606,12054,22.91
2023-12-11,73463,34301,46.69
2023-12-12,80900,39374,48.67
2023-12-13,86478,48895,56.54
2023-12-14,96391,54619,56.66
2023-12-15,73350,32189,43.88
2023-12-16,57336,18818,32.82
2023-12-17,45958,5571,12.12
2023-12-18,95454,57122,59.84
2023-12-19,100593,61705,61.34
2023-12-20,70497,25662,36.4
2023-12-21,80562,43109,53.51
2023-12-22,99069,57248,57.79
2023-12-23,54949,13962,25.41
2023-12-24,54173,16982,31.35
2023-12-25,84257,46668,55.39
2023-12-26,76401,35458,46.41
2023-12-27,79788,40778,51.11
2023-12-28,85073,42184,49.59
2023-12-29,86381,45923,53.16
2023-12-30,44274,3594,8.12
2023-12-31,50596,9148,18.08
2024-01-01,63098,20130,31.9
2024-01-02,63798,16633,26.07
2024-01-03,46495,-3020,-6.5
2024-01-04,48587,-1484,-3.05
2024-01-05,67956,26585,39.12
2024-01-06,34519,-12599,-36.5
2024-01-07,36503,-13737,-37.63
2024-01-08,49400,5708,11.55
2024-01-09,59094,15656,26.49
2024-01-10,55654,10998,19.76
2024-01-11,68542,20117,29.35
2024-01-12,67366,25381,37.68
2024-01-13,34040,-12551,-36.87
2024-01-14,32965,-8991,-27.27
2024-01-15,62093,12484,20.11
2024-01-16,48348,-81,-0.17
2024-01-17,62276,17262,27.72
2024-01-18,67681,22801,33.69
2024-01-19,65257,-23207,-35.56
2024-01-20,30376,-18740,-61.69
2024-01-21,34173,-9355,-27.38
2024-01-22,50742,4117,8.11
2024-01-23,58797,16121,27.42
2024-01-24,66555,21002,31.56
2024-01-25,54768,10053,18.36
2024-01-26,46721,-3252,-6.96
2024-01-27,36868,-9958,-27.01
2024-01-28,32028,-9278,-28.97
2024-01-29,62700,13739,21.91
2024-01-30,59610,18431,30.92
2024-01-31,69124,22574,32.66
2024-02-01,57709,11016,19.09
2024-02-02,57719,12757,22.1
2024-02-03,40268,-5359,-13.31
2024-02-04,37549,-5314,-14.15
2024-02-05,51497,4890,9.5
2024-02-06,49442,-433,-0.88
2024-02-07,63442,14620,23.04
2024-02-08,63782,20853,32.69
2024-02-09,56050,13030,23.25
2024-02-10,40102,-8568,-21.37
2024-02-11,28726,-13483,-46.94
2024-02-12,54295,5170,9.52
2024-02-13,62411,14851,23.8
2024-02-14,57005,14931,26.19
2024-02-15,68379,26309,38.48
2024-02-16,67534,22394,33.16
2024-02-17,29222,-13144,-44.98
2024-02-18,33627,-14872,-44.23
2024-02-19,48377,3976,8.22
2024-02-20,63881,15450,24.19
2024-02-21,57043,12631,22.14
2024-02-22,46630,4749,10.18
2024-02-23,50212,3074,6.12
2024-02-24,28644,-18495,-64.57
2024-02-25,33435,-10452,-31.26
2024-02-26,46583,-2932,-6.29
2024-02-27,51159,4096,8.01
2024-02-28,64532,20671,32.03
2024-02-29,63222,13054,20.65
2024-03-01,74001,31432,42.48
2024-03-02,45109,-2635,-5.84
2024-03-03,35843,-8502,-23.72
2024-03-04,61617,16371,26.57
2024-03-05,86681,39840,45.96
2024-03-06,68159,20522,30.11
2024-03-07,73070,26643,36.46
2024-03-08,60841,18985,31.2
2024-03-09,43086,-2828,-6.56
2024-03-10,41669,-3306,-7.93
2024-03-11,72196,29770,41.23
2024-03-12,61752,19567,31.69
2024-03-13,79648,29846,37.47
2024-03-14,61505,18998,30.89
2024-03-15,66794,24389,36.51
2024-03-16,50360,1770,3.51
2024-03-17,40866,-5476,-13.4
2024-03-18,80659,34019,42.18
2024-03-19,71367,22346,31.31
2024-03-20,77270,32551,42.13
2024-03-21,83811,34794,41.51
2024-03-22,81088,38850,47.91
2024-03-23,45565,-751,-1.65
2024-03-24,50405,-15831,-31.41
2024-03-25,78462,29984,38.21
2024-03-26,59304,14205,23.95
2024-03-27,67204,25190,37.48
2024-03-28,65411,20584,31.47
2024-03-29,67433,22764,33.76
2024-03-30,40441,-1771,-4.38
2024-03-31,44996,372,0.83
2024-04-01,71479,26650,37.28
2024-04-02,65805,22448,34.11
2024-04-03,66833,19918,29.8
2024-04-04,68825,22808,33.14
2024-04-05,71100,22417,31.53
2024-04-06,34809,-11760,-33.78
2024-04-07,40914,-4855,-11.87
2024-04-08,74329,32099,43.19
2024-04-09,66104,16251,24.58
2024-04-10,67936,22693,33.4
2024-04-11,67907,26655,39.25
2024-04-12,58059,10807,18.61
2024-04-13,47037,-1262,-2.68
2024-04-14,35338,-11910,-33.7
2024-04-15,128746,80624,62.62
2024-04-16,85151,43863,51.51
2024-04-17,68376,24499,35.83
2024-04-18,72320,22950,31.73
2024-04-19,63686,14632,22.98
2024-04-20,44401,-2940,-6.62
2024-04-21,37031,-9282,-25.07
2024-04-22,80685,30517,37.82
2024-04-23,65334,15659,23.97
2024-04-24,59504,9307,15.64
2024-04-25,71531,22350,31.25
2024-04-26,70181,27296,38.89
2024-04-27,35241,-9738,-27.63
2024-04-28,37661,-4330,-11.5
2024-04-29,75183,31789,42.28
2024-04-30,67883,19522,28.76
2024-05-01,75967,29571,38.93
2024-05-02,58966,17265,29.28
2024-05-03,70815,29107,41.1
2024-05-04,39931,-8045,-20.15
2024-05-05,46279,-2092,-4.52
2024-05-06,67848,22593,33.3
2024-05-07,60977,12659,20.76
2024-05-08,76483,28757,37.6
2024-05-09,81113,36025,44.41
2024-05-10,67024,24570,36.66
2024-05-11,41217,-6086,-14.77
2024-05-12,49332,6440,13.05
2024-05-13,80772,33318,41.25
2024-05-14,67603,20868,30.87
2024-05-15,71174,3447,4.84
2024-05-16,71529,23403,32.72
2024-05-17,68901,-5721,-8.3
2024-05-18,36804,-9653,-26.23
2024-05-19,35316,-13879,-39.3
2024-05-20,74080,25273,34.12
2024-05-21,77646,35525,45.75
2024-05-22,64964,15259,23.49
2024-05-23,83568,41142,49.23
2024-05-24,63558,16974,26.71
2024-05-25,35603,-10396,-29.2
2024-05-26,35726,-13159,-36.83
2024-05-27,64067,16899,26.38
2024-05-28,79787,34125,42.77
2024-05-29,68842,23215,33.72
2024-05-30,84714,41602,49.11
2024-05-31,69481,23155,33.33
2024-06-01,48817,3649,7.47
2024-06-02,47184,1806,3.83
2024-06-03,73912,30669,41.49
2024-06-04,66429,19442,29.27
2024-06-05,66939,24002,35.86
2024-06-06,73456,29842,40.63
2024-06-07,95649,16581,17.34
2024-06-08,44914,-3701,-8.24
2024-06-09,50799,1786,3.52
2024-06-10,70495,24340,34.53
2024-06-11,74667,29643,39.7
2024-06-12,77793,35417,45.53
2024-06-13,87335,42988,49.22
2024-06-14,87808,43964,50.07
2024-06-15,38896,-11294,-29.04
2024-06-16,55769,11179,20.05
2024-06-17,76127,26233,34.46
2024-06-18,69268,20611,29.76
2024-06-19,70148,27160,38.72
2024-06-20,78303,34211,43.69
2024-06-21,95368,47472,49.78
2024-06-22,42232,-6346,-15.03
2024-06-23,49287,1632,3.31
2024-06-24,95415,48783,51.13
2024-06-25,81958,40494,49.41
2024-06-26,93112,44767,48.08
2024-06-27,90910,44160,48.58
2024-06-28,84824,37335,44.01
2024-06-29,41302,-5895,-14.27
2024-06-30,55548,7481,13.47
2024-07-01,87897,43044,48.97
2024-07-02,65223,17944,27.51
2024-07-03,76539,33143,43.3
2024-07-04,85182,43321,50.86
2024-07-05,77763,35182,45.24
2024-07-06,41672,-974,-2.34
2024-07-07,43510,-4123,-9.48
2024-07-08,77901,32018,41.1
2024-07-09,67079,20507,30.57
2024-07-10,70235,15470,22.03
2024-07-11,74554,31432,42.16
2024-07-12,90291,45387,50.27
2024-07-13,49037,2982,6.08
2024-07-14,42371,-2410,-5.69
2024-07-15,78434,31390,40.02
2024-07-16,70772,20684,29.23
2024-07-17,95397,45529,47.73
2024-07-18,86012,38568,44.84
2024-07-19,91998,46487,50.53
2024-07-20,49477,6247,12.63
2024-07-21,42732,-1196,-2.8
2024-07-22,83570,39753,47.57
2024-07-23,65009,15261,23.48
2024-07-24,72672,26807,36.89
2024-07-25,73001,28868,39.54
2024-07-26,92721,45335,48.89
2024-07-27,45581,4419,9.69
2024-07-28,41963,-1010,-2.41
2024-07-29,90315,48494,53.69
2024-07-30,86821,43440,50.03
2024-07-31,84075,42237,50.24
2024-08-01,69151,21330,30.85
2024-08-02,89114,40205,45.12
2024-08-03,49671,6214,12.51
2024-08-04,45460,3105,6.83
2024-08-05,69849,22116,31.66
2024-08-06,93795,48216,51.41
2024-08-07,76840,32218,41.93
2024-08-08,77717,30012,38.62
2024-08-09,85762,36191,42.2
2024-08-10,38940,-8346,-21.43
2024-08-11,43281,-149,-0.34
2024-08-12,90644,43650,48.16
2024-08-13,82498,39666,48.08
2024-08-14,71866,24744,34.43
2024-08-15,76930,35011,45.51
2024-08-16,74786,25183,33.67
2024-08-17,57171,15426,26.98
2024-08-18,50807,6278,12.36
2024-08-19,69605,21059,30.26
2024-08-20,69629,20280,29.13
2024-08-21,83719,39934,47.7
2024-08-22,74714,27461,36.75
2024-08-23,87782,37653,42.89
2024-08-24,38418,-9644,-25.1
2024-08-25,44730,-4509,-10.08
2024-08-26,93817,52187,55.63
2024-08-27,66995,19263,28.75
2024-08-28,83000,35505,42.78
2024-08-29,83525,38644,46.27
2024-08-30,94345,49948,52.94
2024-08-31,44510,-253,-0.57
2024-09-01,42245,-7877,-18.65
2024-09-02,79294,36879,46.51
2024-09-03,82847,34461,41.6
2024-09-04,73913,28729,38.87
2024-09-05,64986,17852,27.47
2024-09-06,78757,29404,37.34
2024-09-07,39282,-2950,-7.51
2024-09-08,47422,-1650,-3.48
2024-09-09,75419,27758,36.81
2024-09-10,76620,28128,36.71
2024-09-11,60542,10874,17.96
2024-09-12,68664,8232,11.99
2024-09-13,63505,15352,24.17
2024-09-14,36997,-45270,-122.36
2024-09-15,49000,1681,3.43
2024-09-16,79664,38243,48.01
2024-09-17,77969,31619,40.55
2024-09-18,66453,17945,27.0
2024-09-19,82594,34766,42.09
2024-09-20,82846,34294,41.39
2024-09-21,35175,-10257,-29.16
2024-09-22,36049,-13490,-37.42
2024-09-23,60822,11805,19.41
2024-09-24,66818,21674,32.44
2024-09-25,64083,17027,26.57
2024-09-26,60956,16409,26.92
2024-09-27,62878,17442,27.74
2024-09-28,43768,1304,2.98
2024-09-29,36867,-9686,-26.27
2024-09-30,80499,38573,47.92
2024-10-01,69080,27867,40.34
2024-10-02,76600,30132,39.34
2024-10-03,78118,33504,42.89
2024-10-04,66652,19025,28.54
2024-10-05,41852,-6723,-16.06
2024-10-06,35912,-12675,-35.29
2024-10-07,99723,50742,50.88
2024-10-08,67114,20045,29.87
2024-10-09,79838,36003,45.1
2024-10-10,86335,44806,51.9
2024-10-11,66508,20921,31.46
2024-10-12,52144,4753,9.12
2024-10-13,35439,-7634,-21.54
2024-10-14,75161,30199,40.18
2024-10-15,76843,27106,35.27
2024-10-16,62154,18586,29.9
2024-10-17,78718,32939,41.84
2024-10-18,67174,17261,25.7
2024-10-19,44047,-69,-0.16
2024-10-20,48338,4731,9.79
2024-10-21,64444,22209,34.46
2024-10-22,75075,30781,41.0
2024-10-23,65860,21848,33.17
2024-10-24,81376,35229,43.29
2024-10-25,75176,27554,36.65
2024-10-26,44675,-2271,-5.08
2024-10-27,46600,1483,3.18
2024-10-28,66317,18647,28.12
2024-10-29,76433,28287,37.01
2024-10-30,60224,13861,23.02
2024-10-31,84958,35187,41.42
2024-11-01,80543,33254,41.29
2024-11-02,45554,4380,9.61
2024-11-03,53045,3530,6.65
2024-11-04,101189,58542,57.85
2024-11-05,109473,67148,61.34
2024-11-06,94080,49886,53.03
2024-11-07,183236,137716,75.16
2024-11-08,90239,40370,44.74
2024-11-09,66399,-15402,-23.2
2024-11-10,53245,10437,19.6
2024-11-11,93950,51439,54.75
2024-11-12,81267,36548,44.97
2024-11-13,82268,37155,45.16
2024-11-14,88735,39676,44.71
2024-11-15,76917,27579,35.86
2024-11-16,56081,11127,19.84
2024-11-17,61397,12235,19.93
2024-11-18,107183,65091,60.73
2024-11-19,94250,46947,49.81
2024-11-20,103201,57655,55.87
2024-11-21,81149,33038,40.71
2024-11-22,84725,37164,43.86
2024-11-23,56602,10094,17.83
2024-11-24,48232,-1362,-2.82
2024-11-25,78828,34922,44.3
2024-11-26,88073,41084,46.65
2024-11-27,85976,41947,48.79
2024-11-28,77365,31946,41.29
2024-11-29,82368,38481,46.72
2024-11-30,57720,9841,17.05
2024-12-01,57202,14176,24.78
2024-12-02,80319,33854,42.15
2024-12-03,82579,40788,49.39
2024-12-04,102745,55054,53.58
2024-12-05,96153,47250,49.14
2024-12-06,109138,59710,54.71
2024-12-07,66306,19726,29.75
2024-12-08,46267,-1178,-2.55
2024-12-09,101212,58593,57.89
2024-12-10,104782,61994,59.16
2024-12-11,101666,56399,55.47
2024-12-12,86838,40687,46.85
2024-12-13,84380,35201,41.72
2024-12-14,93293,44664,47.87
2024-12-15,58928,11377,19.31
2024-12-16,90794,49164,54.15
2024-12-17,83666,33683,40.26
2024-12-18,104737,56817,54.25
2024-12-19,108199,59630,55.11
2024-12-20,97328,54799,56.3
2024-12-21,53578,10813,20.18
2024-12-22,49512,2490,5.03
2024-12-23,82100,40359,49.16
2024-12-24,109674,63755,58.13
2024-12-25,98144,49486,50.42
2024-12-26,77048,34638,44.96
2024-12-27,111831,63999,57.23
2024-12-28,49816,4650,9.33
2024-12-29,48735,1896,3.89
2024-12-30,79276,30528,38.51
2024-12-31,76304,29210,38.28
2025-01-01,61049,14556,23.84
2025-01-02,53804,2238,4.16
2025-01-03,74748,27594,36.92
2025-01-04,41156,-7243,-17.6
2025-01-05,32316,-22447,-69.46
2025-01-06,53155,6297,11.85
2025-01-07,61199,11017,18.0
2025-01-08,75765,20378,26.9
2025-01-09,59374,9842,16.58
2025-01-10,71734,22154,30.88
2025-01-11,38898,-12318,-31.67
2025-01-12,41372,-17482,-42.26
2025-01-13,63332,8786,13.87
2025-01-14,71133,17354,24.4
2025-01-15,61979,9090,14.67
2025-01-16,54862,5221,9.52
2025-01-17,66089,19135,28.95
2025-01-18,34483,-15075,-43.72
2025-01-19,32872,-17227,-52.41
2025-01-20,67708,21744,32.11
2025-01-21,55643,6013,10.81
2025-01-22,69412,20968,30.21
2025-01-23,58158,3212,5.52
2025-01-24,52633,-2564,-4.87
2025-01-25,41355,-8088,-19.56
2025-01-26,36425,-9987,-27.42
2025-01-27,59788,13355,22.34
2025-01-28,74487,19761,26.53
2025-01-29,65795,15559,23.65
2025-01-30,59100,4076,6.9
2025-01-31,61200,9040,14.77
2025-02-01,38454,-7144,-18.58
2025-02-02,44064,-8174,-18.55
2025-02-03,75592,23363,30.91
2025-02-04,76631,25135,32.8
2025-02-05,62655,11011,17.57
2025-02-06,69446,14037,20.21
2025-02-07,65712,20202,30.74
2025-02-08,44045,-6344,-14.4
2025-02-09,35260,-13661,-38.74
2025-02-10,62994,9942,15.78
2025-02-11,75259,26236,34.86
2025-02-12,67063,16538,24.66
2025-02-13,53337,-867,-1.63
2025-02-14,76222,23809,31.24
2025-02-15,32337,-21629,-66.89
2025-02-16,40998,-9755,-23.79
2025-02-17,55814,6453,11.56
2025-02-18,52850,5347,10.12
2025-02-19,62837,16011,25.48
2025-02-20,76487,22977,30.04
2025-02-21,56663,3657,6.45
2025-02-22,33424,-12759,-38.17
2025-02-23,37166,-10049,-27.04
2025-02-24,62170,14809,23.82
2025-02-25,64908,15146,23.33
2025-02-26,72269,24908,34.47
2025-02-27,54902,2140,3.9
2025-02-28,51563,1169,2.27
2025-03-01,51339,-3982,-7.76
2025-03-02,50578,4851,9.59
2025-03-03,86286,38748,44.91
2025-03-04,85748,36721,42.82
2025-03-05,90209,34779,38.55
2025-03-06,90501,41756,46.14
2025-03-07,75939,26186,34.48
2025-03-08,51461,-3353,-6.52
2025-03-09,40082,-5443,-13.58
2025-03-10,87998,36253,41.2
2025-03-11,85366,32176,37.69
2025-03-12,91402,38041,41.62
2025-03-13,84635,29804,35.21
2025-03-14,72563,18105,24.95
2025-03-15,38479,-7145,-18.57
2025-03-16,48364,1287,2.66
2025-03-17,81783,32459,39.69
2025-03-18,77731,25032,32.2
2025-03-19,69070,22437,32.48
2025-03-20,76544,22744,29.71
2025-03-21,66984,13863,20.7
2025-03-22,48838,3224,6.6
2025-03-23,50581,-1356,-2.68
2025-03-24,90894,41723,45.9
2025-03-25,66654,11368,17.06
2025-03-26,93670,45670,48.76
2025-03-27,91027,44653,49.05
2025-03-28,79568,29976,37.67
2025-03-29,47056,-7412,-15.75
2025-03-30,54812,5957,10.87
2025-03-31,64160,17575,27.39
2025-04-01,80575,31537,39.14
2025-04-02,68434,21799,31.85
2025-04-03,66943,16876,25.21
2025-04-04,94283,46929,49.77
2025-04-05,56867,5585,9.82
2025-04-06,52263,892,1.71
2025-04-07,67441,18524,27.47
2025-04-08,78380,30470,38.87
2025-04-09,92072,42698,46.37
2025-04-10,77740,30211,38.86
2025-04-11,74062,21477,29.0
2025-04-12,44573,-3645,-8.18
2025-04-13,49170,-4328,-8.8
2025-04-14,84680,31121,36.75
2025-04-15,79805,33243,41.66
2025-04-16,82917,37378,45.08
2025-04-17,64148,9043,14.1
2025-04-18,80880,30784,38.06
2025-04-19,44179,-1985,-4.49
2025-04-20,39303,-11029,-28.06
2025-04-21,90978,43360,47.66
2025-04-22,95793,48152,50.27
2025-04-23,89993,44584,49.54
2025-04-24,92266,43839,47.51
2025-04-25,89332,34650,38.79
2025-04-26,44531,-9398,-21.1
2025-04-27,51230,1053,2.06
2025-04-28,88724,35641,40.17
2025-04-29,90737,36750,40.5
2025-04-30,79827,29749,37.27
2025-05-01,74894,24354,32.52
2025-05-02,86672,40247,46.44
2025-05-03,45803,-1603,-3.5
2025-05-04,46523,-4655,-10.01
2025-05-05,67429,17424,25.84
2025-05-06,80988,30081,37.14
2025-05-07,76701,26893,35.06
2025-05-08,76240,28971,38.0
2025-05-09,83438,37576,45.03
2025-05-10,40611,-7155,-17.62
2025-05-11,55345,6025,10.89
2025-05-12,86133,38721,44.95
2025-05-13,73215,18705,25.55
2025-05-14,91282,39054,42.78
2025-05-15,78566,28893,36.78
2025-05-16,92200,46742,50.7
2025-05-17,38419,-36444,-94.86
2025-05-18,48485,2179,4.49
2025-05-19,78483,30530,38.9
2025-05-20,64433,10088,15.66
2025-05-21,92869,40597,43.71
2025-05-22,95316,48529,50.91
2025-05-23,87712,34849,39.73
2025-05-24,50663,-1539,-3.04
2025-05-25,56799,4595,8.09
2025-05-26,77353,31579,40.82
2025-05-27,83595,28477,34.07
2025-05-28,95023,44963,47.32
2025-05-29,83961,35696,42.51
2025-05-30,65310,19414,29.73
2025-05-31,51076,2186,4.28
2025-06-01,56291,10065,17.88
2025-06-02,77324,29758,38.48
2025-06-03,98972,43866,44.32
2025-06-04,81031,28828,35.58
2025-06-05,94452,43505,46.06
2025-06-06,90346,41197,45.6
2025-06-07,45167,-9616,-21.29
2025-06-08,51272,5634,10.99
2025-06-09,85216,36808,43.19
2025-06-10,74880,26564,35.48
2025-06-11,84583,30404,35.95
2025-06-12,72325,23604,32.64
2025-06-13,87347,34524,39.53
2025-06-14,43359,-9464,-21.83
2025-06-15,89735,41242,45.96
2025-06-16,94609,43163,45.62
2025-06-17,77591,27758,35.77
2025-06-18,84640,30796,36.38
2025-06-19,94382,44664,47.32
2025-06-20,99212,46377,46.75
2025-06-21,48365,-1964,-4.06
2025-06-22,56974,7332,12.87
2025-06-23,90260,38398,42.54
2025-06-24,71900,21824,30.35
2025-06-25,104957,54525,51.95
2025-06-26,84149,35243,41.88
2025-06-27,95574,42527,44.5
2025-06-28,61589,11474,18.63
2025-06-29,61826,15162,24.52
2025-06-30,82652,36840,44.57
2025-07-01,73798,23636,32.03
2025-07-02,98861,44432,44.94
2025-07-03,97004,45477,46.88
2025-07-04,72965,19131,26.22
2025-07-05,56997,5854,10.27
2025-07-06,51480,4487,8.72
2025-07-07,77168,25068,32.48
2025-07-08,101843,50974,50.05
2025-07-09,96095,45734,47.59
2025-07-10,87075,36084,41.44
2025-07-11,85448,39301,45.99
2025-07-12,44730,-3965,-8.86
2025-07-13,61718,15674,25.4
2025-07-14,73032,18280,25.03
2025-07-15,72394,22287,30.79
2025-07-16,71455,22723,31.8
2025-07-17,89657,37611,41.95
2025-07-18,72966,20519,28.12
2025-07-19,62959,11426,18.15
2025-07-20,62232,16514,26.54
2025-07-21,85589,30437,35.56
2025-07-22,97631,43600,44.66
2025-07-23,89847,37477,41.71
2025-07-24,75249,19986,26.56
2025-07-25,85765,34472,40.19
2025-07-26,61001,-20725,-33.97
2025-07-27,43858,-1942,-4.43
2025-07-28,78997,28812,36.47
2025-07-29,79206,26435,33.37
2025-07-30,78154,24930,31.9
2025-07-31,88944,38510,43.3
2025-08-01,95233,47822,50.22
2025-08-02,47108,-2005,-4.26
2025-08-03,62893,12960,20.61
2025-08-04,71588,17891,24.99
2025-08-05,91863,42626,46.4
2025-08-06,76891,28456,37.01
2025-08-07,71314,16654,23.35
2025-08-08,91201,37483,41.1
2025-08-09,57641,11181,19.4
2025-08-10,56558,6526,11.54
